{"cameraMode":{"drawMode":0,"name":"Shaded","section":"Shading Mode"},"sceneLighting":false,"audioPlay":false,"sceneViewState":{"m_AlwaysRefresh":false,"showFog":false,"showSkybox":false,"showFlares":false,"showImageEffects":false,"showParticleSystems":false,"showVisualEffectGraphs":true,"m_FxEnabled":true},"in2DMode":false,"pivot":{"x":0.00028884410858154297,"y":0.7777107954025269,"z":-0.04062940180301666},"rotation":{"x":0.0030427216552197935,"y":-0.9849525690078735,"z":0.17192357778549195,"w":0.017440281808376313},"size":1.0140013694763184,"orthographic":false}