{"cameraMode":{"drawMode":0,"name":"Shaded","section":"Shading Mode"},"sceneLighting":true,"audioPlay":false,"sceneViewState":{"m_AlwaysRefresh":false,"showFog":true,"showSkybox":true,"showFlares":true,"showImageEffects":true,"showParticleSystems":true,"showVisualEffectGraphs":true,"m_FxEnabled":false},"in2DMode":false,"pivot":{"x":10.064048767089844,"y":-15.177201271057129,"z":15.001044273376465},"rotation":{"x":0.30287083983421328,"y":0.2545745074748993,"z":-0.08431021869182587,"w":0.9145261645317078},"size":26.227638244628908,"orthographic":false}