{"cameraMode":{"drawMode":0,"name":"Shaded","section":"Shading Mode"},"sceneLighting":true,"audioPlay":false,"sceneViewState":{"m_AlwaysRefresh":false,"showFog":true,"showSkybox":true,"showFlares":true,"showImageEffects":true,"showParticleSystems":true,"showVisualEffectGraphs":true,"m_FxEnabled":false},"in2DMode":false,"pivot":{"x":-1.9479784965515137,"y":-0.7701892852783203,"z":18.372499465942384},"rotation":{"x":0.14599859714508058,"y":0.8177040219306946,"z":-0.23690499365329743,"w":0.5039241909980774},"size":12.887462615966797,"orthographic":false}