{"cameraMode":{"drawMode":0,"name":"Shaded","section":"Shading Mode"},"sceneLighting":true,"audioPlay":false,"sceneViewState":{"m_AlwaysRefresh":false,"showFog":true,"showSkybox":true,"showFlares":true,"showImageEffects":true,"showParticleSystems":true,"showVisualEffectGraphs":true,"m_FxEnabled":false},"in2DMode":false,"pivot":{"x":-3.696589946746826,"y":0.8863011598587036,"z":22.384740829467775},"rotation":{"x":0.012785106897354126,"y":0.9671441912651062,"z":-0.24901363253593446,"w":0.04965425282716751},"size":8.871886253356934,"orthographic":false}