{"cameraMode":{"drawMode":0,"name":"Shaded","section":"Shading Mode"},"sceneLighting":true,"audioPlay":false,"sceneViewState":{"m_AlwaysRefresh":false,"showFog":true,"showSkybox":true,"showFlares":true,"showImageEffects":true,"showParticleSystems":true,"showVisualEffectGraphs":true,"m_FxEnabled":false},"in2DMode":false,"pivot":{"x":2.4222941398620607,"y":1.9799118041992188,"z":10.739849090576172},"rotation":{"x":0.1755964607000351,"y":0.7312832474708557,"z":-0.20499537885189057,"w":0.6264017224311829},"size":15.707408905029297,"orthographic":false}