{"cameraMode":{"drawMode":0,"name":"Shaded","section":"Shading Mode"},"sceneLighting":true,"audioPlay":false,"sceneViewState":{"m_AlwaysRefresh":false,"showFog":true,"showSkybox":true,"showFlares":true,"showImageEffects":true,"showParticleSystems":true,"showVisualEffectGraphs":true,"m_FxEnabled":false},"in2DMode":false,"pivot":{"x":-0.6467995643615723,"y":-2.3743367195129396,"z":11.782291412353516},"rotation":{"x":0.13889215886592866,"y":0.8474900126457214,"z":-0.2705390751361847,"w":0.4350847601890564},"size":13.361526489257813,"orthographic":false}