{"cameraMode":{"drawMode":0,"name":"Shaded","section":"Shading Mode"},"sceneLighting":true,"audioPlay":false,"sceneViewState":{"m_AlwaysRefresh":false,"showFog":true,"showSkybox":true,"showFlares":true,"showImageEffects":true,"showParticleSystems":true,"showVisualEffectGraphs":true,"m_FxEnabled":false},"in2DMode":false,"pivot":{"x":1.3690376281738282,"y":-14.495277404785157,"z":-5.045649528503418},"rotation":{"x":0.04866378381848335,"y":0.9489858150482178,"z":-0.2519412934780121,"w":0.18329156935214997},"size":28.421579360961915,"orthographic":false}