{"cameraMode":{"drawMode":0,"name":"Shaded","section":"Shading Mode"},"sceneLighting":true,"audioPlay":false,"sceneViewState":{"m_AlwaysRefresh":false,"showFog":true,"showSkybox":true,"showFlares":true,"showImageEffects":true,"showParticleSystems":true,"showVisualEffectGraphs":true,"m_FxEnabled":false},"in2DMode":false,"pivot":{"x":-3.921584129333496,"y":-15.658750534057618,"z":-6.75532341003418},"rotation":{"x":-0.0007076985784806311,"y":0.9649638533592224,"z":-0.2623916566371918,"w":-0.0026096217334270479},"size":25.30067253112793,"orthographic":false}