{"cameraMode":{"drawMode":0,"name":"Shaded","section":"Shading Mode"},"sceneLighting":true,"audioPlay":false,"sceneViewState":{"m_AlwaysRefresh":false,"showFog":true,"showSkybox":true,"showFlares":true,"showImageEffects":true,"showParticleSystems":true,"showVisualEffectGraphs":true,"m_FxEnabled":false},"in2DMode":false,"pivot":{"x":-3.6922760009765627,"y":-9.777765274047852,"z":0.7718620300292969},"rotation":{"x":0.024054566398262979,"y":0.9609046578407288,"z":-0.2612875699996948,"w":0.08845542371273041},"size":23.989416122436525,"orthographic":false}