{"cameraMode":{"drawMode":0,"name":"Shaded","section":"Shading Mode"},"sceneLighting":true,"audioPlay":false,"sceneViewState":{"m_AlwaysRefresh":false,"showFog":true,"showSkybox":true,"showFlares":true,"showImageEffects":true,"showParticleSystems":true,"showVisualEffectGraphs":true,"m_FxEnabled":false},"in2DMode":false,"pivot":{"x":-1.7119250297546387,"y":-2.4440956115722658,"z":29.735694885253908},"rotation":{"x":0.19656208157539369,"y":0.6891863942146301,"z":-0.20303767919540406,"w":0.6672055125236511},"size":6.0677995681762699,"orthographic":false}