{"cameraMode":{"drawMode":0,"name":"Shaded","section":"Shading Mode"},"sceneLighting":true,"audioPlay":false,"sceneViewState":{"m_AlwaysRefresh":false,"showFog":true,"showSkybox":true,"showFlares":true,"showImageEffects":true,"showParticleSystems":true,"showVisualEffectGraphs":true,"m_FxEnabled":false},"in2DMode":false,"pivot":{"x":19.126419067382814,"y":0.8748180866241455,"z":6.021753311157227},"rotation":{"x":0.07108958810567856,"y":0.8145217299461365,"z":-0.1021912693977356,"w":0.5666234493255615},"size":24.668081283569337,"orthographic":false}