{"cameraMode":{"drawMode":0,"name":"Shaded","section":"Shading Mode"},"sceneLighting":true,"audioPlay":false,"sceneViewState":{"m_AlwaysRefresh":false,"showFog":true,"showSkybox":true,"showFlares":true,"showImageEffects":true,"showParticleSystems":true,"showVisualEffectGraphs":true,"m_FxEnabled":false},"in2DMode":false,"pivot":{"x":-0.48195648193359377,"y":-8.97598648071289,"z":-25.991539001464845},"rotation":{"x":-0.050426874309778216,"y":-0.9412704706192017,"z":0.2914872169494629,"w":-0.16282951831817628},"size":10.065778732299805,"orthographic":false}